{"97ed8127d9": ["Gale2013MORB-0isobar5-5kbar1300-800CFMQ97ed8127d9", {"Initial Pressure": 5000, "Initial Temperature": 1300, "Final Temperature": 800, "modes": ["isobaric"], "Log fO2 Path": "FMQ", "SiO2": 48.50032338491301, "Al2O3": 15.793242288603112, "FeO": 10.884518672458572, "MnO": 0.18233691646230699, "MgO": 8.459814946958117, "CaO": 11.463709114499606, "Na2O": 2.7346240279520555, "TiO2": 1.6620045186355181, "K2O": 0.14965258911061255, "P2O5": 0.169773540407112, "Title": "Gale2013MORB-0", "Final Pressure": 5000, "Increment Temperature": -5, "Increment Pressure": 0}, {"VERSION": "MELTS", "MODE": "isobaric", "DELTAP": 1000.0, "DELTAT": -5.0, "MAXP": 10000.0, "MINP": 0.0, "MAXT": 2000.0, "MINT": 0.0, "MINF": 0.005, "MASSIN": 0.001, "MGO_TARGET": 8.0, "DRY_ITER_PATIENCE": 100, "HK_PXGT_TRACE_H2O": true, "FAILED_ITER_PATIENCE": 10}], "e113f34df9": ["Gale2013MORB-1isobar5-5kbar1300-800CFMQe113f34df9", {"Initial Pressure": 5000, "Initial Temperature": 1300, "Final Temperature": 800, "modes": ["isobaric"], "Log fO2 Path": "FMQ", "SiO2": 51.89898656804532, "Al2O3": 14.210730486204104, "FeO": 9.695946002389087, "MnO": 0.1797885757447672, "MgO": 8.109284441909997, "CaO": 11.38545850854939, "Na2O": 2.728356795993673, "TiO2": 1.4908538843604462, "K2O": 0.14651819922049797, "P2O5": 0.1540765375827113, "Title": "Gale2013MORB-1", "Final Pressure": 5000, "Increment Temperature": -5, "Increment Pressure": 0}, {"VERSION": "MELTS", "MODE": "isobaric", "DELTAP": 1000.0, "DELTAT": -5.0, "MAXP": 10000.0, "MINP": 0.0, "MAXT": 2000.0, "MINT": 0.0, "MINF": 0.005, "MASSIN": 0.001, "MGO_TARGET": 8.0, "DRY_ITER_PATIENCE": 100, "HK_PXGT_TRACE_H2O": true, "FAILED_ITER_PATIENCE": 10}], "bda42a0c86": ["Gale2013MORB-2isobar5-5kbar1300-800CFMQbda42a0c86", {"Initial Pressure": 5000, "Initial Temperature": 1300, "Final Temperature": 800, "modes": ["isobaric"], "Log fO2 Path": "FMQ", "SiO2": 50.62335152282896, "Al2O3": 15.15863306406669, "FeO": 10.771792550465685, "MnO": 0.17553799001230938, "MgO": 7.5347531499904665, "CaO": 11.197222289781063, "Na2O": 2.6373794528410786, "TiO2": 1.5612981866424178, "K2O": 0.15200205312102766, "P2O5": 0.18802974025030705, "Title": "Gale2013MORB-2", "Final Pressure": 5000, "Increment Temperature": -5, "Increment Pressure": 0}, {"VERSION": "MELTS", "MODE": "isobaric", "DELTAP": 1000.0, "DELTAT": -5.0, "MAXP": 10000.0, "MINP": 0.0, "MAXT": 2000.0, "MINT": 0.0, "MINF": 0.005, "MASSIN": 0.001, "MGO_TARGET": 8.0, "DRY_ITER_PATIENCE": 100, "HK_PXGT_TRACE_H2O": true, "FAILED_ITER_PATIENCE": 10}], "2f69487514": ["Gale2013MORB-3isobar5-5kbar1300-800CFMQ2f69487514", {"Initial Pressure": 5000, "Initial Temperature": 1300, "Final Temperature": 800, "modes": ["isobaric"], "Log fO2 Path": "FMQ", "SiO2": 50.47674083737116, "Al2O3": 15.706529398644998, "FeO": 10.680822913163828, "MnO": 0.16015943473358432, "MgO": 7.443113935736115, "CaO": 11.068604941492689, "Na2O": 2.5461468836043024, "TiO2": 1.6193668336360494, "K2O": 0.14169052739202653, "P2O5": 0.1568242942252641, "Title": "Gale2013MORB-3", "Final Pressure": 5000, "Increment Temperature": -5, "Increment Pressure": 0}, {"VERSION": "MELTS", "MODE": "isobaric", "DELTAP": 1000.0, "DELTAT": -5.0, "MAXP": 10000.0, "MINP": 0.0, "MAXT": 2000.0, "MINT": 0.0, "MINF": 0.005, "MASSIN": 0.001, "MGO_TARGET": 8.0, "DRY_ITER_PATIENCE": 100, "HK_PXGT_TRACE_H2O": true, "FAILED_ITER_PATIENCE": 10}], "0cc4d1315d": ["Gale2013MORB-4isobar5-5kbar1300-800CFMQ0cc4d1315d", {"Initial Pressure": 5000, "Initial Temperature": 1300, "Final Temperature": 800, "modes": ["isobaric"], "Log fO2 Path": "FMQ", "SiO2": 51.31537438862509, "Al2O3": 15.295451517923775, "FeO": 10.020938670227132, "MnO": 0.17087414639949447, "MgO": 7.340809142139708, "CaO": 11.28943796330999, "Na2O": 2.7503011355544524, "TiO2": 1.484111514437859, "K2O": 0.1416565704517511, "P2O5": 0.19104495093075763, "Title": "Gale2013MORB-4", "Final Pressure": 5000, "Increment Temperature": -5, "Increment Pressure": 0}, {"VERSION": "MELTS", "MODE": "isobaric", "DELTAP": 1000.0, "DELTAT": -5.0, "MAXP": 10000.0, "MINP": 0.0, "MAXT": 2000.0, "MINT": 0.0, "MINF": 0.005, "MASSIN": 0.001, "MGO_TARGET": 8.0, "DRY_ITER_PATIENCE": 100, "HK_PXGT_TRACE_H2O": true, "FAILED_ITER_PATIENCE": 10}], "fcc7ab9b2c": ["Gale2013MORB-5isobar5-5kbar1300-800CFMQfcc7ab9b2c", {"Initial Pressure": 5000, "Initial Temperature": 1300, "Final Temperature": 800, "modes": ["isobaric"], "Log fO2 Path": "FMQ", "SiO2": 50.99906419537018, "Al2O3": 14.984672435112904, "FeO": 9.827316957599757, "MnO": 0.17051562682974594, "MgO": 7.694140426500015, "CaO": 11.641473549229907, "Na2O": 2.823904266507412, "TiO2": 1.553044556328728, "K2O": 0.1368176107771484, "P2O5": 0.16905037574420212, "Title": "Gale2013MORB-5", "Final Pressure": 5000, "Increment Temperature": -5, "Increment Pressure": 0}, {"VERSION": "MELTS", "MODE": "isobaric", "DELTAP": 1000.0, "DELTAT": -5.0, "MAXP": 10000.0, "MINP": 0.0, "MAXT": 2000.0, "MINT": 0.0, "MINF": 0.005, "MASSIN": 0.001, "MGO_TARGET": 8.0, "DRY_ITER_PATIENCE": 100, "HK_PXGT_TRACE_H2O": true, "FAILED_ITER_PATIENCE": 10}], "82ac3cf87d": ["Gale2013MORB-6isobar5-5kbar1300-800CFMQ82ac3cf87d", {"Initial Pressure": 5000, "Initial Temperature": 1300, "Final Temperature": 800, "modes": ["isobaric"], "Log fO2 Path": "FMQ", "SiO2": 51.41971492928239, "Al2O3": 14.509298003976735, "FeO": 10.531171366033334, "MnO": 0.17249675466788061, "MgO": 7.251493114401875, "CaO": 11.389223522229077, "Na2O": 2.900610489763077, "TiO2": 1.4954582598853232, "K2O": 0.15695989648369363, "P2O5": 0.1735736632765936, "Title": "Gale2013MORB-6", "Final Pressure": 5000, "Increment Temperature": -5, "Increment Pressure": 0}, {"VERSION": "MELTS", "MODE": "isobaric", "DELTAP": 1000.0, "DELTAT": -5.0, "MAXP": 10000.0, "MINP": 0.0, "MAXT": 2000.0, "MINT": 0.0, "MINF": 0.005, "MASSIN": 0.001, "MGO_TARGET": 8.0, "DRY_ITER_PATIENCE": 100, "HK_PXGT_TRACE_H2O": true, "FAILED_ITER_PATIENCE": 10}], "f44101980e": ["Gale2013MORB-7isobar5-5kbar1300-800CFMQf44101980e", {"Initial Pressure": 5000, "Initial Temperature": 1300, "Final Temperature": 800, "modes": ["isobaric"], "Log fO2 Path": "FMQ", "SiO2": 53.35383324727654, "Al2O3": 14.405049352867024, "FeO": 9.90026080114456, "MnO": 0.17304916086354527, "MgO": 8.174775526506432, "CaO": 9.654645331441461, "Na2O": 2.6179365196763693, "TiO2": 1.4102168159912734, "K2O": 0.14339129928246072, "P2O5": 0.16684194495032653, "Title": "Gale2013MORB-7", "Final Pressure": 5000, "Increment Temperature": -5, "Increment Pressure": 0}, {"VERSION": "MELTS", "MODE": "isobaric", "DELTAP": 1000.0, "DELTAT": -5.0, "MAXP": 10000.0, "MINP": 0.0, "MAXT": 2000.0, "MINT": 0.0, "MINF": 0.005, "MASSIN": 0.001, "MGO_TARGET": 8.0, "DRY_ITER_PATIENCE": 100, "HK_PXGT_TRACE_H2O": true, "FAILED_ITER_PATIENCE": 10}], "6e1974ce0b": ["Gale2013MORB-8isobar5-5kbar1300-800CFMQ6e1974ce0b", {"Initial Pressure": 5000, "Initial Temperature": 1300, "Final Temperature": 800, "modes": ["isobaric"], "Log fO2 Path": "FMQ", "SiO2": 50.14563793565445, "Al2O3": 15.061065803627539, "FeO": 10.435075389086826, "MnO": 0.17621651425731397, "MgO": 7.806333984762075, "CaO": 11.596951303333864, "Na2O": 2.9124293327605706, "TiO2": 1.558270613798862, "K2O": 0.1349776657285635, "P2O5": 0.17304145698993972, "Title": "Gale2013MORB-8", "Final Pressure": 5000, "Increment Temperature": -5, "Increment Pressure": 0}, {"VERSION": "MELTS", "MODE": "isobaric", "DELTAP": 1000.0, "DELTAT": -5.0, "MAXP": 10000.0, "MINP": 0.0, "MAXT": 2000.0, "MINT": 0.0, "MINF": 0.005, "MASSIN": 0.001, "MGO_TARGET": 8.0, "DRY_ITER_PATIENCE": 100, "HK_PXGT_TRACE_H2O": true, "FAILED_ITER_PATIENCE": 10}], "f2955c89c5": ["Gale2013MORB-9isobar5-5kbar1300-800CFMQf2955c89c5", {"Initial Pressure": 5000, "Initial Temperature": 1300, "Final Temperature": 800, "modes": ["isobaric"], "Log fO2 Path": "FMQ", "SiO2": 50.4775861816371, "Al2O3": 15.860834328167597, "FeO": 10.10253599230313, "MnO": 0.1724283571135573, "MgO": 6.922575411638604, "CaO": 11.88972638055566, "Na2O": 2.881964279374525,