{"a4b8ce0a58": ["Gale2013MORB-0isobar5-5kbar1300-800CFMQa4b8ce0a58", {"Initial Pressure": 5000, "Initial Temperature": 1300, "Final Temperature": 800, "modes": ["isobaric"], "Log fO2 Path": "FMQ", "SiO2": 48.500323384913, "Al2O3": 15.79324228860311, "FeO": 10.884518672458569, "MnO": 0.18233691646230704, "MgO": 8.459814946958117, "CaO": 11.463709114499608, "Na2O": 2.7346240279520555, "TiO2": 1.6620045186355177, "K2O": 0.1496525891106125, "P2O5": 0.1697735404071119, "Title": "Gale2013MORB-0", "Final Pressure": 5000, "Increment Temperature": -5, "Increment Pressure": 0}, {"VERSION": "MELTS", "MODE": "isobaric", "DELTAP": 1000.0, "DELTAT": -5.0, "MAXP": 10000.0, "MINP": 0.0, "MAXT": 2000.0, "MINT": 0.0, "MINF": 0.005, "MASSIN": 0.001, "MGO_TARGET": 8.0, "DRY_ITER_PATIENCE": 100, "HK_PXGT_TRACE_H2O": true, "FAILED_ITER_PATIENCE": 10}], "3149b39eee": ["Gale2013MORB-1isobar5-5kbar1300-800CFMQ3149b39eee", {"Initial Pressure": 5000, "Initial Temperature": 1300, "Final Temperature": 800, "modes": ["isobaric"], "Log fO2 Path": "FMQ", "SiO2": 51.89898656804532, "Al2O3": 14.210730486204104, "FeO": 9.695946002389087, "MnO": 0.17978857574476714, "MgO": 8.109284441909997, "CaO": 11.385458508549393, "Na2O": 2.728356795993673, "TiO2": 1.4908538843604462, "K2O": 0.14651819922049797, "P2O5": 0.15407653758271125, "Title": "Gale2013MORB-1", "Final Pressure": 5000, "Increment Temperature": -5, "Increment Pressure": 0}, {"VERSION": "MELTS", "MODE": "isobaric", "DELTAP": 1000.0, "DELTAT": -5.0, "MAXP": 10000.0, "MINP": 0.0, "MAXT": 2000.0, "MINT": 0.0, "MINF": 0.005, "MASSIN": 0.001, "MGO_TARGET": 8.0, "DRY_ITER_PATIENCE": 100, "HK_PXGT_TRACE_H2O": true, "FAILED_ITER_PATIENCE": 10}], "b43b87fdbf": ["Gale2013MORB-2isobar5-5kbar1300-800CFMQb43b87fdbf", {"Initial Pressure": 5000, "Initial Temperature": 1300, "Final Temperature": 800, "modes": ["isobaric"], "Log fO2 Path": "FMQ", "SiO2": 50.62335152282896, "Al2O3": 15.15863306406669, "FeO": 10.771792550465683, "MnO": 0.17553799001230938, "MgO": 7.5347531499904665, "CaO": 11.197222289781065, "Na2O": 2.6373794528410786, "TiO2": 1.5612981866424178, "K2O": 0.15200205312102766, "P2O5": 0.188029740250307, "Title": "Gale2013MORB-2", "Final Pressure": 5000, "Increment Temperature": -5, "Increment Pressure": 0}, {"VERSION": "MELTS", "MODE": "isobaric", "DELTAP": 1000.0, "DELTAT": -5.0, "MAXP": 10000.0, "MINP": 0.0, "MAXT": 2000.0, "MINT": 0.0, "MINF": 0.005, "MASSIN": 0.001, "MGO_TARGET": 8.0, "DRY_ITER_PATIENCE": 100, "HK_PXGT_TRACE_H2O": true, "FAILED_ITER_PATIENCE": 10}], "80de472f12": ["Gale2013MORB-3isobar5-5kbar1300-800CFMQ80de472f12", {"Initial Pressure": 5000, "Initial Temperature": 1300, "Final Temperature": 800, "modes": ["isobaric"], "Log fO2 Path": "FMQ", "SiO2": 50.476740837371146, "Al2O3": 15.706529398645005, "FeO": 10.680822913163826, "MnO": 0.16015943473358424, "MgO": 7.443113935736114, "CaO": 11.06860494149269, "Na2O": 2.5461468836043015, "TiO2": 1.6193668336360485, "K2O": 0.14169052739202645, "P2O5": 0.15682429422526395, "Title": "Gale2013MORB-3", "Final Pressure": 5000, "Increment Temperature": -5, "Increment Pressure": 0}, {"VERSION": "MELTS", "MODE": "isobaric", "DELTAP": 1000.0, "DELTAT": -5.0, "MAXP": 10000.0, "MINP": 0.0, "MAXT": 2000.0, "MINT": 0.0, "MINF": 0.005, "MASSIN": 0.001, "MGO_TARGET": 8.0, "DRY_ITER_PATIENCE": 100, "HK_PXGT_TRACE_H2O": true, "FAILED_ITER_PATIENCE": 10}], "4666c445de": ["Gale2013MORB-4isobar5-5kbar1300-800CFMQ4666c445de", {"Initial Pressure": 5000, "Initial Temperature": 1300, "Final Temperature": 800, "modes": ["isobaric"], "Log fO2 Path": "FMQ", "SiO2": 51.3153743886251, "Al2O3": 15.295451517923775, "FeO": 10.020938670227126, "MnO": 0.1708741463994945, "MgO": 7.340809142139706, "CaO": 11.289437963309988, "Na2O": 2.7503011355544515, "TiO2": 1.4841115144378585, "K2O": 0.141656570451751, "P2O5": 0.19104495093075752, "Title": "Gale2013MORB-4", "Final Pressure": 5000, "Increment Temperature": -5, "Increment Pressure": 0}, {"VERSION": "MELTS", "MODE": "isobaric", "DELTAP": 1000.0, "DELTAT": -5.0, "MAXP": 10000.0, "MINP": 0.0, "MAXT": 2000.0, "MINT": 0.0, "MINF": 0.005, "MASSIN": 0.001, "MGO_TARGET": 8.0, "DRY_ITER_PATIENCE": 100, "HK_PXGT_TRACE_H2O": true, "FAILED_ITER_PATIENCE": 10}], "1f77f5f7c1": ["Gale2013MORB-5isobar5-5kbar1300-800CFMQ1f77f5f7c1", {"Initial Pressure": 5000, "Initial Temperature": 1300, "Final Temperature": 800, "modes": ["isobaric"], "Log fO2 Path": "FMQ", "SiO2": 50.99906419537018, "Al2O3": 14.984672435112904, "FeO": 9.827316957599756, "MnO": 0.17051562682974586, "MgO": 7.694140426500012, "CaO": 11.641473549229907, "Na2O": 2.8239042665074114, "TiO2": 1.5530445563287274, "K2O": 0.13681761077714844, "P2O5": 0.16905037574420204, "Title": "Gale2013MORB-5", "Final Pressure": 5000, "Increment Temperature": -5, "Increment Pressure": 0}, {"VERSION": "MELTS", "MODE": "isobaric", "DELTAP": 1000.0, "DELTAT": -5.0, "MAXP": 10000.0, "MINP": 0.0, "MAXT": 2000.0, "MINT": 0.0, "MINF": 0.005, "MASSIN": 0.001, "MGO_TARGET": 8.0, "DRY_ITER_PATIENCE": 100, "HK_PXGT_TRACE_H2O": true, "FAILED_ITER_PATIENCE": 10}], "650b119b52": ["Gale2013MORB-6isobar5-5kbar1300-800CFMQ650b119b52", {"Initial Pressure": 5000, "Initial Temperature": 1300, "Final Temperature": 800, "modes": ["isobaric"], "Log fO2 Path": "FMQ", "SiO2": 51.41971492928239, "Al2O3": 14.509298003976735, "FeO": 10.531171366033332, "MnO": 0.17249675466788061, "MgO": 7.251493114401876, "CaO": 11.389223522229083, "Na2O": 2.9006104897630784, "TiO2": 1.495458259885324, "K2O": 0.15695989648369374, "P2O5": 0.1735736632765936, "Title": "Gale2013MORB-6", "Final Pressure": 5000, "Increment Temperature": -5, "Increment Pressure": 0}, {"VERSION": "MELTS", "MODE": "isobaric", "DELTAP": 1000.0, "DELTAT": -5.0, "MAXP": 10000.0, "MINP": 0.0, "MAXT": 2000.0, "MINT": 0.0, "MINF": 0.005, "MASSIN": 0.001, "MGO_TARGET": 8.0, "DRY_ITER_PATIENCE": 100, "HK_PXGT_TRACE_H2O": true, "FAILED_ITER_PATIENCE": 10}], "d2f13ba153": ["Gale2013MORB-7isobar5-5kbar1300-800CFMQd2f13ba153", {"Initial Pressure": 5000, "Initial Temperature": 1300, "Final Temperature": 800, "modes": ["isobaric"], "Log fO2 Path": "FMQ", "SiO2": 53.35383324727654, "Al2O3": 14.405049352867024, "FeO": 9.900260801144558, "MnO": 0.17304916086354535, "MgO": 8.174775526506435, "CaO": 9.654645331441463, "Na2O": 2.6179365196763698, "TiO2": 1.4102168159912736, "K2O": 0.14339129928246072, "P2O5": 0.16684194495032642, "Title": "Gale2013MORB-7", "Final Pressure": 5000, "Increment Temperature": -5, "Increment Pressure": 0}, {"VERSION": "MELTS", "MODE": "isobaric", "DELTAP": 1000.0, "DELTAT": -5.0, "MAXP": 10000.0, "MINP": 0.0, "MAXT": 2000.0, "MINT": 0.0, "MINF": 0.005, "MASSIN": 0.001, "MGO_TARGET": 8.0, "DRY_ITER_PATIENCE": 100, "HK_PXGT_TRACE_H2O": true, "FAILED_ITER_PATIENCE": 10}], "c4dee47c7c": ["Gale2013MORB-8isobar5-5kbar1300-800CFMQc4dee47c7c", {"Initial Pressure": 5000, "Initial Temperature": 1300, "Final Temperature": 800, "modes": ["isobaric"], "Log fO2 Path": "FMQ", "SiO2": 50.14563793565445, "Al2O3": 15.061065803627539, "FeO": 10.435075389086824, "MnO": 0.17621651425731397, "MgO": 7.806333984762075, "CaO": 11.596951303333865, "Na2O": 2.9124293327605706, "TiO2": 1.558270613798862, "K2O": 0.1349776657285635, "P2O5": 0.17304145698993964, "Title": "Gale2013MORB-8", "Final Pressure": 5000, "Increment Temperature": -5, "Increment Pressure": 0}, {"VERSION": "MELTS", "MODE": "isobaric", "DELTAP": 1000.0, "DELTAT": -5.0, "MAXP": 10000.0, "MINP": 0.0, "MAXT": 2000.0, "MINT": 0.0, "MINF": 0.005, "MASSIN": 0.001, "MGO_TARGET": 8.0, "DRY_ITER_PATIENCE": 100, "HK_PXGT_TRACE_H2O": true, "FAILED_ITER_PATIENCE": 10}], "128d02b8af": ["Gale2013MORB-9isobar5-5kbar1300-800CFMQ128d02b8af", {"Initial Pressure": 5000, "Initial Temperature": 1300, "Final Temperature": 800, "modes": ["isobaric"], "Log fO2 Path": "FMQ", "SiO2": 50.477586181637115, "Al2O3": 15.860834328167597, "FeO": 10.102535992303128, "MnO": 0.1724283571135573, "MgO": 6.922575411638602, "CaO": 11.889726380555658, "Na2O": 2.8819642793745244,