{"b2e1cccf25": ["Gale2013MORB-0isobar5-5kbar1300-800CFMQb2e1cccf25", {"Initial Pressure": 5000, "Initial Temperature": 1300, "Final Temperature": 800, "modes": ["isobaric"], "Log fO2 Path": "FMQ", "SiO2": 51.56742161855479, "Al2O3": 15.148713906394457, "FeO": 9.30401730316231, "MnO": 0.18839426054202915, "MgO": 7.6403786672899905, "CaO": 11.494234440988278, "Na2O": 2.7124416672024796, "TiO2": 1.6291693925940727, "K2O": 0.13424559601106753, "P2O5": 0.1809831472605368, "Title": "Gale2013MORB-0", "Final Pressure": 5000, "Increment Temperature": -5, "Increment Pressure": 0}, {"VERSION": "MELTS", "MODE": "isobaric", "DELTAP": 1000.0, "DELTAT": -5.0, "MAXP": 10000.0, "MINP": 0.0, "MAXT": 2000.0, "MINT": 0.0, "MINF": 0.005, "MASSIN": 0.001, "MGO_TARGET": 8.0, "DRY_ITER_PATIENCE": 100, "HK_PXGT_TRACE_H2O": true, "FAILED_ITER_PATIENCE": 10}], "315c6997a5": ["Gale2013MORB-1isobar5-5kbar1300-800CFMQ315c6997a5", {"Initial Pressure": 5000, "Initial Temperature": 1300, "Final Temperature": 800, "modes": ["isobaric"], "Log fO2 Path": "FMQ", "SiO2": 51.47796731684701, "Al2O3": 14.696469567085282, "FeO": 10.2674943329685, "MnO": 0.16685941308476898, "MgO": 7.094693007162032, "CaO": 11.623051809217682, "Na2O": 2.843069370707028, "TiO2": 1.5224508248064599, "K2O": 0.13158881344300055, "P2O5": 0.17635554467824424, "Title": "Gale2013MORB-1", "Final Pressure": 5000, "Increment Temperature": -5, "Increment Pressure": 0}, {"VERSION": "MELTS", "MODE": "isobaric", "DELTAP": 1000.0, "DELTAT": -5.0, "MAXP": 10000.0, "MINP": 0.0, "MAXT": 2000.0, "MINT": 0.0, "MINF": 0.005, "MASSIN": 0.001, "MGO_TARGET": 8.0, "DRY_ITER_PATIENCE": 100, "HK_PXGT_TRACE_H2O": true, "FAILED_ITER_PATIENCE": 10}], "bef6e7629f": ["Gale2013MORB-2isobar5-5kbar1300-800CFMQbef6e7629f", {"Initial Pressure": 5000, "Initial Temperature": 1300, "Final Temperature": 800, "modes": ["isobaric"], "Log fO2 Path": "FMQ", "SiO2": 52.93749736173719, "Al2O3": 14.19422062649226, "FeO": 9.107240587929583, "MnO": 0.1976377744733262, "MgO": 7.299743858328636, "CaO": 11.56416171745656, "Na2O": 2.828828237886078, "TiO2": 1.5450914322999165, "K2O": 0.13742940192682274, "P2O5": 0.18814900146963093, "Title": "Gale2013MORB-2", "Final Pressure": 5000, "Increment Temperature": -5, "Increment Pressure": 0}, {"VERSION": "MELTS", "MODE": "isobaric", "DELTAP": 1000.0, "DELTAT": -5.0, "MAXP": 10000.0, "MINP": 0.0, "MAXT": 2000.0, "MINT": 0.0, "MINF": 0.005, "MASSIN": 0.001, "MGO_TARGET": 8.0, "DRY_ITER_PATIENCE": 100, "HK_PXGT_TRACE_H2O": true, "FAILED_ITER_PATIENCE": 10}], "7172161fa7": ["Gale2013MORB-3isobar5-5kbar1300-800CFMQ7172161fa7", {"Initial Pressure": 5000, "Initial Temperature": 1300, "Final Temperature": 800, "modes": ["isobaric"], "Log fO2 Path": "FMQ", "SiO2": 48.84867474114901, "Al2O3": 15.38738467681284, "FeO": 10.49033547863292, "MnO": 0.1861155889523399, "MgO": 7.556805188494102, "CaO": 12.429254954282882, "Na2O": 3.020522392974281, "TiO2": 1.7540869413276223, "K2O": 0.14376915205254484, "P2O5": 0.18305088532145392, "Title": "Gale2013MORB-3", "Final Pressure": 5000, "Increment Temperature": -5, "Increment Pressure": 0}, {"VERSION": "MELTS", "MODE": "isobaric", "DELTAP": 1000.0, "DELTAT": -5.0, "MAXP": 10000.0, "MINP": 0.0, "MAXT": 2000.0, "MINT": 0.0, "MINF": 0.005, "MASSIN": 0.001, "MGO_TARGET": 8.0, "DRY_ITER_PATIENCE": 100, "HK_PXGT_TRACE_H2O": true, "FAILED_ITER_PATIENCE": 10}], "46ef719891": ["Gale2013MORB-4isobar5-5kbar1300-800CFMQ46ef719891", {"Initial Pressure": 5000, "Initial Temperature": 1300, "Final Temperature": 800, "modes": ["isobaric"], "Log fO2 Path": "FMQ", "SiO2": 51.3106978528903, "Al2O3": 15.651307720831689, "FeO": 9.544537455207047, "MnO": 0.17386817967115725, "MgO": 7.953998241618473, "CaO": 10.820178094623095, "Na2O": 2.6366979257752896, "TiO2": 1.5886359444201335, "K2O": 0.15917225020966314, "P2O5": 0.16090633475313335, "Title": "Gale2013MORB-4", "Final Pressure": 5000, "Increment Temperature": -5, "Increment Pressure": 0}, {"VERSION": "MELTS", "MODE": "isobaric", "DELTAP": 1000.0, "DELTAT": -5.0, "MAXP": 10000.0, "MINP": 0.0, "MAXT": 2000.0, "MINT": 0.0, "MINF": 0.005, "MASSIN": 0.001, "MGO_TARGET": 8.0, "DRY_ITER_PATIENCE": 100, "HK_PXGT_TRACE_H2O": true, "FAILED_ITER_PATIENCE": 10}], "aa8954e07e": ["Gale2013MORB-5isobar5-5kbar1300-800CFMQaa8954e07e", {"Initial Pressure": 5000, "Initial Temperature": 1300, "Final Temperature": 800, "modes": ["isobaric"], "Log fO2 Path": "FMQ", "SiO2": 48.77339977140815, "Al2O3": 16.420127639504745, "FeO": 9.894921788103119, "MnO": 0.16610323971059568, "MgO": 7.461640524181338, "CaO": 12.544291567672778, "Na2O": 2.85254297422584, "TiO2": 1.5933117866467235, "K2O": 0.13249509914973076, "P2O5": 0.161165609396982, "Title": "Gale2013MORB-5", "Final Pressure": 5000, "Increment Temperature": -5, "Increment Pressure": 0}, {"VERSION": "MELTS", "MODE": "isobaric", "DELTAP": 1000.0, "DELTAT": -5.0, "MAXP": 10000.0, "MINP": 0.0, "MAXT": 2000.0, "MINT": 0.0, "MINF": 0.005, "MASSIN": 0.001, "MGO_TARGET": 8.0, "DRY_ITER_PATIENCE": 100, "HK_PXGT_TRACE_H2O": true, "FAILED_ITER_PATIENCE": 10}], "9142c4c8ae": ["Gale2013MORB-6isobar5-5kbar1300-800CFMQ9142c4c8ae", {"Initial Pressure": 5000, "Initial Temperature": 1300, "Final Temperature": 800, "modes": ["isobaric"], "Log fO2 Path": "FMQ", "SiO2": 48.851448374712454, "Al2O3": 14.914130049355787, "FeO": 10.68436776995312, "MnO": 0.19115779171230982, "MgO": 7.9440138750714855, "CaO": 12.484365465993823, "Na2O": 3.037269378136552, "TiO2": 1.5909388777133942, "K2O": 0.1379515278016384, "P2O5": 0.16435688954942482, "Title": "Gale2013MORB-6", "Final Pressure": 5000, "Increment Temperature": -5, "Increment Pressure": 0}, {"VERSION": "MELTS", "MODE": "isobaric", "DELTAP": 1000.0, "DELTAT": -5.0, "MAXP": 10000.0, "MINP": 0.0, "MAXT": 2000.0, "MINT": 0.0, "MINF": 0.005, "MASSIN": 0.001, "MGO_TARGET": 8.0, "DRY_ITER_PATIENCE": 100, "HK_PXGT_TRACE_H2O": true, "FAILED_ITER_PATIENCE": 10}], "796ea24b7d": ["Gale2013MORB-7isobar5-5kbar1300-800CFMQ796ea24b7d", {"Initial Pressure": 5000, "Initial Temperature": 1300, "Final Temperature": 800, "modes": ["isobaric"], "Log fO2 Path": "FMQ", "SiO2": 49.824325178215844, "Al2O3": 15.264865528116376, "FeO": 9.98961882163876, "MnO": 0.177621249511309, "MgO": 7.730071791017118, "CaO": 12.326703623655161, "Na2O": 2.678146122549405, "TiO2": 1.6696015764861207, "K2O": 0.1554974394260997, "P2O5": 0.1835486693837853, "Title": "Gale2013MORB-7", "Final Pressure": 5000, "Increment Temperature": -5, "Increment Pressure": 0}, {"VERSION": "MELTS", "MODE": "isobaric", "DELTAP": 1000.0, "DELTAT": -5.0, "MAXP": 10000.0, "MINP": 0.0, "MAXT": 2000.0, "MINT": 0.0, "MINF": 0.005, "MASSIN": 0.001, "MGO_TARGET": 8.0, "DRY_ITER_PATIENCE": 100, "HK_PXGT_TRACE_H2O": true, "FAILED_ITER_PATIENCE": 10}], "5112d06195": ["Gale2013MORB-8isobar5-5kbar1300-800CFMQ5112d06195", {"Initial Pressure": 5000, "Initial Temperature": 1300, "Final Temperature": 800, "modes": ["isobaric"], "Log fO2 Path": "FMQ", "SiO2": 49.50404170093702, "Al2O3": 14.698463119965599, "FeO": 11.594975699838537, "MnO": 0.1756975882835336, "MgO": 8.194917297762185, "CaO": 11.155797379909373, "Na2O": 2.752748482366113, "TiO2": 1.5988106207837107, "K2O": 0.14939942044515261, "P2O5": 0.1751486897087767, "Title": "Gale2013MORB-8", "Final Pressure": 5000, "Increment Temperature": -5, "Increment Pressure": 0}, {"VERSION": "MELTS", "MODE": "isobaric", "DELTAP": 1000.0, "DELTAT": -5.0, "MAXP": 10000.0, "MINP": 0.0, "MAXT": 2000.0, "MINT": 0.0, "MINF": 0.005, "MASSIN": 0.001, "MGO_TARGET": 8.0, "DRY_ITER_PATIENCE": 100, "HK_PXGT_TRACE_H2O": true, "FAILED_ITER_PATIENCE": 10}], "0ef62e8e55": ["Gale2013MORB-9isobar5-5kbar1300-800CFMQ0ef62e8e55", {"Initial Pressure": 5000, "Initial Temperature": 1300, "Final Temperature": 800, "modes": ["isobaric"], "Log fO2 Path": "FMQ", "SiO2": 49.17891045049419, "Al2O3": 16.211073419764325, "FeO": 9.81453865780724, "MnO": 0.16591393827325293, "MgO": 8.179975019381745, "CaO": 11.782560526152428, "Na2O": 2.715086331716415,